legajo,nombre,edad,sueldo
1000,Alec Colon,67,1402253
1001,Colin Shepard,74,244637
1002,Keegan Baird,35,1042207
1003,Chadwick Ruiz,43,1363610
1004,Samson Dickson,63,1844253
1005,Carissa Trevino,36,1087563
1006,Isabelle Barr,53,1303321
1007,Charlotte Hogan,84,1620174
1008,Griffith Bridges,62,1881192
1009,Astra Savage,42,171856
1010,Fletcher Le,32,1506968
1011,Kyle O'brien,25,1939123
1012,Imani Moon,67,993310
1013,Amanda Hobbs,19,214043
1014,Chaney Gaines,59,147793
1015,Abra Campos,41,489879
1016,Damian Chen,41,412032
1017,Joseph Leon,63,1570788
1018,Francis Chang,76,804007
1019,Ori Watts,65,1799909
1020,Ivy Guy,54,1931181
1021,Plato Ball,80,867585
1022,Jamal Anthony,81,570594
1023,Cameron Cannon,23,142826
1024,Noel Pollard,22,1278495
1025,Gwendolyn Coffey,38,581101
1026,Camille Webster,79,957257
1027,Whitney Ballard,77,1813534
1028,Daryl Mayer,78,612111
1029,Serina Sloan,35,1454184
1030,Thor Mcconnell,70,918953
1031,Uriah Morse,58,1937890
1032,Kristen Spencer,62,1857900
1033,Nicole Michael,63,740546
1034,Addison Anthony,84,1350043
1035,Sebastian Cantu,38,798692
1036,Illiana Solis,37,1365534
1037,Yasir Barrera,65,1787447
1038,Upton Doyle,34,1795363
1039,Salvador Wade,55,1020010
1040,Quon Hyde,24,231143
1041,Calista Mckinney,35,1828838
1042,James Hebert,37,186685
1043,Thane Cochran,59,363303
1044,Nigel Crawford,22,686882
1045,Jorden Roman,37,425526
1046,Oliver Page,31,889666
1047,Scarlett Giles,73,828445
1048,Stuart Mullen,39,1870177
1049,Sophia Perkins,63,442282
1050,Todd Norton,81,421149
1051,Adena Cleveland,54,405595
1052,Camilla Tillman,39,1663102
1053,Donna Parrish,50,120026
1054,Galvin Stokes,63,248318
1055,Jordan Bean,47,709750
1056,Joan O'brien,27,1213726
1057,Britanni Fisher,49,301675
1058,Risa Mccray,85,1865676
1059,Dylan Kline,54,1971827
1060,Fredericka Petty,73,855115
1061,Bell Oliver,78,947811
1062,Joshua Hays,60,765492
1063,Zelda Hood,60,1816546
1064,Elton Hatfield,76,1363560
1065,Melinda Guerrero,81,1803918
1066,Gemma Christian,71,795994
1067,Xyla Floyd,81,772732
1068,Clayton Mccall,26,1283707
1069,Dara Bowen,46,570442
1070,Bo Holder,43,1477902
1071,Sopoline Franks,52,120961
1072,Beau Bell,50,544197
1073,Eliana Myers,18,970989
1074,Deborah Schmidt,72,343575
1075,Veda Duncan,25,1388441
1076,Carson Valenzuela,36,147218
1077,Zahir Nielsen,76,1297874
1078,Selma Maxwell,82,1354576
1079,Slade Witt,52,1407577
1080,Shaine Flynn,80,1943975
1081,Gage Mccall,68,1801630
1082,Morgan Mcclure,39,173398
1083,Nita Mclaughlin,29,1392914
1084,Noah Gentry,35,351353
1085,Hayfa Mercer,59,109674
1086,Kathleen Watts,50,276126
1087,Quail Sloan,37,347707
1088,Bethany Valdez,38,1036585
1089,Lucas Tillman,67,843770
1090,Shana Wilkins,30,1652474
1091,Jolene Bentley,20,1606187
1092,Macon Cain,23,1823152
1093,Ariel Page,25,1819282
1094,Zenia Waller,68,1867279
1095,Lois Golden,53,1966722
1096,Carl Larsen,51,925117
1097,Eliana Cardenas,65,294859
1098,Olympia Smith,36,561025
1099,Rashad Wilkinson,78,228145
1100,Randall George,55,254484
1101,Ezra Parker,23,429406
1102,Kelsey Barnett,46,270574
1103,Gillian Beach,23,322505
1104,Karen Brady,67,622185
1105,Vera Miranda,61,248312
1106,Herman Douglas,40,1725955
1107,David Rodriguez,56,259978
1108,Naomi Richmond,58,585799
1109,Aquila Sims,41,1123378
1110,Medge Mcbride,24,1659137
1111,Margaret Dudley,67,957672
1112,Brock Stuart,48,1986099
1113,Cooper Acevedo,68,1731675
1114,Bradley Mason,76,1610099
1115,Debra Gibbs,77,1614655
1116,Garrison Cain,49,1734398
1117,Timothy Richard,62,994156
1118,Alexandra Sears,76,656400
1119,Arthur Booth,35,290594
1120,Teagan Shields,79,318182
1121,Barrett Sykes,49,883526
1122,Colby Medina,53,316623
1123,Rhona Pittman,61,1859557
1124,MacKensie Bell,54,1287924
1125,Bruce Green,48,1663240
1126,Patience Pierce,33,170096
1127,Akeem Vang,51,221457
1128,Ferdinand Roy,82,1899985
1129,Cole Baxter,51,718840
1130,Noah Cortez,85,506035
1131,Illana Wiggins,47,843983
1132,Wynne Gentry,54,1240121
1133,Mercedes Carson,51,1418228
1134,Hamish Donovan,70,779228
1135,Bradley Lott,74,928845
1136,Linus Osborn,26,369577
1137,Dieter Mathis,76,751315
1138,Ashely Clayton,48,1956938
1139,Mara David,21,1237898
1140,Ulric Nolan,61,1038566
1141,Reed Greene,69,1683548
1142,Kieran Hebert,84,536073
1143,Ferdinand Conner,56,1183942
1144,Jamalia Brady,26,423959
1145,Riley Cooke,52,851745
1146,Kuame Contreras,22,478171
1147,Daniel Spence,27,949533
1148,Imogene Webster,50,1680878
1149,Anastasia Shannon,40,513790
1150,Sopoline Arnold,57,816864
1151,Rigel Austin,67,1311414
1152,Gary Jones,83,229718
1153,Dillon Phillips,65,850248
1154,Myles Harrison,58,170989
1155,Janna Blair,63,584172
1156,Ursa Joseph,26,1519599
1157,India Delgado,29,938410
1158,Flavia Phelps,46,944737
1159,Gretchen Walton,73,803229
1160,Jennifer Pratt,28,307487
1161,Minerva Buckley,68,1285089
1162,Hoyt Pitts,67,1656885
1163,Alexa Garrett,36,798216
1164,Melvin Weaver,66,1425884
1165,Kato Hodges,58,385743
1166,Stone England,73,513188
1167,Rudyard Short,32,680784
1168,Cooper Stafford,54,678054
1169,Colin Clay,61,1202680
1170,Curran Morse,82,435793
1171,Randall Ellison,73,975308
1172,Edan Wong,50,329258
1173,Melinda Dixon,62,1880419
1174,Nasim Blackburn,55,442781
1175,Yen Warner,56,875004
1176,Channing Camacho,21,365506
1177,Adrian Newman,22,1779219
1178,Jillian Blanchard,73,1228008
1179,Sophia Garrett,54,1628449
1180,Anne Barton,25,402235
1181,James Hendrix,35,1090523
1182,Callie Hayes,62,1297229
1183,Dorian Rollins,75,106949
1184,Katelyn Daugherty,35,146723
1185,Garrison Browning,52,719332
1186,Clayton Wood,56,985117
1187,Rhonda Jefferson,35,975315
1188,Sybill Santana,39,1069851
1189,Jordan Casey,79,1067756
1190,Coby Hodge,71,1539585
1191,Madeline Irwin,21,652393
1192,Hollee Jefferson,37,533842
1193,Elvis Guerrero,40,770270
1194,Kelsie Zimmerman,79,1546324
1195,Ian Snyder,80,103181
1196,Carly Donaldson,83,1509316
1197,Judith Orr,77,417396
1198,Adrienne Brennan,66,599620
1199,Castor Holland,24,821089
1200,Ainsley Gibson,47,1124972
1201,Zena Franklin,84,1565938
1202,Justine Mccormick,32,111291
1203,Adam Downs,29,1056734
1204,Joelle Greer,83,1282522
1205,Eleanor Kent,34,1531223
1206,Carter Nunez,51,1647830
1207,TaShya Bradley,34,1754949
1208,Ezekiel Baird,37,1039616
1209,Abraham Myers,74,1823626
1210,Travis Mckenzie,79,1936254
1211,Lance Cannon,29,1749165
1212,Rae Valencia,46,351759
1213,Hermione Mcintyre,36,1927447
1214,Carl Sanchez,83,1990996
1215,Zeus Durham,48,1318982
1216,Simon Hodge,35,708551
1217,Prescott Freeman,23,1036879
1218,Cameron Farley,41,171034
1219,Kimberly Montoya,32,1851573
1220,Driscoll Barnett,53,1450978
1221,Iola Ortiz,62,1090843
1222,Lois Velasquez,20,1446910
1223,Galena Christian,67,412556
1224,Nissim Flynn,56,520715
1225,Leila Estes,46,130963
1226,Ori Garrett,48,513924
1227,Abigail Roach,85,911090
1228,Carl Cooke,30,571528
1229,Ivor Emerson,44,158192
1230,Jayme Harmon,51,235631
1231,Samson Bender,18,661304
1232,Burke Suarez,80,532393
1233,Tara Langley,60,1665077
1234,Ginger Kelley,63,814322
1235,Channing Stein,77,733737
1236,Preston Trujillo,30,1944562
1237,Warren Mccarthy,40,642362
1238,Imelda Ochoa,21,1517996
1239,Nicole Middleton,26,674607
1240,Heather Hurst,25,1265632
1241,Leandra Witt,55,1462357
1242,Brady O'donnell,30,1548901
1243,Hilda Hensley,42,1399470
1244,Aphrodite Gilliam,80,969800
1245,Colton Bishop,82,834544
1246,Eleanor Warren,29,1747886
1247,Justina Maldonado,40,1171471
1248,Aileen Brewer,57,388425
1249,Malachi Mack,72,654913
1250,Ivor Johnston,58,643399
1251,Murphy Burris,28,1158098
1252,Xantha Flowers,26,1754456
1253,Noelani Olson,56,1753038
1254,Frances Baldwin,81,1256537
1255,Kenyon Chapman,40,573755
1256,Porter Weber,34,1532379
1257,Freya Gilbert,71,733466
1258,Ulric Nguyen,70,100198
1259,Kamal Winters,46,300946
1260,Chava Diaz,58,927898
1261,Zia Blair,27,1735401
1262,Colt Livingston,52,639271
1263,Zena Alston,69,1292743
1264,Kevin Maynard,24,425813
1265,Haviva Casey,80,320512
1266,Finn Anthony,65,429673
1267,Reed Russell,70,223713
1268,Tana Wolf,57,1061552
1269,Salvador Dorsey,82,1319789
1270,Avye Cash,26,324372
1271,Griffin Mckee,20,1780431
1272,Natalie Powell,21,1215240
1273,Rae Cohen,71,145137
1274,April Monroe,38,620136
1275,Garrett Bentley,80,347553
1276,Shannon Rosa,61,1565972
1277,Melyssa Dotson,28,820936
1278,Jocelyn O'donnell,63,1860917
1279,Marny Dorsey,58,526012
1280,Talon Taylor,73,1130144
1281,Emerson Ward,28,332558
1282,Cain Trujillo,48,942591
1283,Melvin Norton,75,1408888
1284,Mechelle Goff,66,868043
1285,Jescie Duncan,76,1910444
1286,Brent Campbell,61,781530
1287,Courtney Carr,48,149615
1288,Claudia Horne,75,1305975
1289,Desiree Jarvis,57,954638
1290,Slade Carrillo,60,1155850
1291,Madeline Blankenship,33,1502022
1292,Iliana Cobb,48,1883824
1293,Quon Padilla,51,1901097
1294,Burke Suarez,80,1591093
1295,Shana Clemons,62,951260
1296,Oleg Meyer,56,1029496
1297,Keely Spears,38,188461
1298,Gareth Shannon,49,1152086
1299,Grady Fox,22,1901399
1300,Pearl Benton,67,1159223
1301,Ocean Hull,85,712639
1302,Laurel Rogers,58,316957
1303,Serina Walter,75,875602
1304,Mercedes Compton,32,1468276
1305,Curran Newton,68,496129
1306,Trevor Coffey,31,102049
1307,Astra Church,62,1153418
1308,Malik Rios,21,1747647
1309,Tiger Bass,60,135354
1310,Tobias Ramos,28,1524202
1311,Mercedes Gilliam,72,1777877
1312,Elizabeth Gregory,60,1850011
1313,Adria Noble,73,591486
1314,Nora Chapman,66,1965496
1315,Pandora Calhoun,67,256241
1316,Hilda Pittman,23,357031
1317,Moana Mcclure,62,166089
1318,Kenyon Gay,77,1357449
1319,Fuller Kelley,73,953943
1320,Aphrodite Ramos,58,1130429
1321,Leila Vega,77,1375698
1322,Lenore Hart,56,855923
1323,Tatiana Stewart,41,1217487
1324,Charles Dixon,65,1349776
1325,Zephr Mcpherson,84,307243
1326,Aimee Pate,45,461481
1327,Mallory Hyde,39,535308
1328,Brennan Hendrix,21,1932933
1329,Gisela Cash,33,144415
1330,Scarlet Holt,73,387390
1331,Galvin Camacho,65,828447
1332,Steven Pollard,59,1368088
1333,Paki Watts,37,1947843
1334,Odette Sanford,41,393353
1335,Amery Bernard,64,1868346
1336,Eleanor Santiago,19,1839013
1337,Lewis Johnson,35,127446
1338,Cameran Haynes,69,1943288
1339,Cameran Foster,50,1305120
1340,Jemima Franco,51,1183974
1341,Stacy Booth,74,1198815
1342,Kareem Gibbs,37,425490
1343,Zelenia Mercado,39,1610869
1344,Ira Watson,75,1701467
1345,Breanna Acosta,21,1049942
1346,Bertha Small,74,671242
1347,Raphael Kerr,50,466996
1348,Aline Perez,24,1133601
1349,Brooke Butler,34,1189856
1350,Kadeem Roman,48,245863
1351,Reagan Calhoun,67,494614
1352,Teegan Bolton,73,1523168
1353,Thomas Coleman,63,599987
1354,Jennifer Landry,78,233206
1355,Kenneth Avery,39,1919863
1356,Xavier Williamson,70,1114675
1357,Jescie Cain,57,791011
1358,Laurel Mcintosh,31,1019031
1359,Patience Ashley,33,1911181
1360,Fletcher Carr,41,553064
1361,Donna Barnett,59,1238945
1362,Evelyn Case,51,771558
1363,Walter Giles,22,951062
1364,Ruth Caldwell,60,632843
1365,Lane Carver,57,1278373
1366,Blake York,29,791720
1367,Lucian Case,29,578152
1368,Bevis Silva,52,1815792
1369,Nora Odom,78,187374
1370,Callum Nixon,59,1915046
1371,Emery Davenport,82,991121
1372,Keelie Hughes,56,1117414
1373,Michelle Emerson,27,436930
1374,Hoyt Ramsey,43,530098
1375,Prescott Jensen,49,1595805
1376,Ronan Shepard,62,165401
1377,Honorato Savage,79,1423800
1378,Micah Potts,37,554737
1379,Lani Lowery,76,1149843
1380,Melanie Roberson,34,1967906
1381,Cameran Kent,36,1105733
1382,Neve Herrera,50,945911
1383,Melvin Castaneda,47,445960
1384,Gisela Shannon,38,1618376
1385,Pearl Ellison,53,1176202
1386,Tiger Rodriguez,68,1260489
1387,Adria Owen,56,559144
1388,Wallace Spencer,73,353427
1389,Ralph Schroeder,71,665696
1390,Clementine Davidson,69,601372
1391,Shelley Cameron,36,565147
1392,Kiona Miller,34,959299
1393,Rama Mccall,60,1831863
1394,Wylie Sykes,30,1052205
1395,Alan Bush,18,430048
1396,Hamilton Peck,31,1452834
1397,Amal Cooley,76,918210
1398,Isaac Collins,74,1785403
1399,Gray Owen,55,648008
1400,Unity Hansen,80,502512
1401,Ebony Gonzales,80,1336311
1402,Kaseem Kerr,57,498421
1403,Amos Hammond,33,1061956
1404,Jennifer Watkins,51,749143
1405,Zephania Park,42,174773
1406,Gwendolyn Conrad,52,611493
1407,Isabella Hurley,65,844551
1408,Lunea Morin,27,413478
1409,Jaquelyn Banks,62,1772025
1410,Cullen Watts,50,1321378
1411,Sarah Barrett,67,1299400
1412,Melinda Meadows,18,885827
1413,Shad Chang,38,1250393
1414,Graiden Fuller,29,888025
1415,Clarke Guzman,24,702146
1416,Malachi Joyner,73,279171
1417,Urielle Lancaster,29,1063640
1418,Hedley Booker,20,1443102
1419,Wylie Salazar,47,1694042
1420,Madaline Zimmerman,40,973356
1421,Maxwell Powell,74,1934574
1422,Regina Mann,84,737819
1423,Libby Booker,83,1286389
1424,Grant Hodge,72,1645887
1425,Herrod Trujillo,77,1047992
1426,Cara Long,35,411553
1427,Britanni Herman,38,1482246
1428,Jasper Hartman,47,124883
1429,Malcolm Pope,23,648877
1430,Burke George,21,1999354
1431,Martina Vang,39,297492
1432,Gregory Randall,29,1316049
1433,Vladimir Battle,66,1612063
1434,Felix Moore,38,1356287
1435,Logan Bailey,67,948711
1436,Kennan Lane,50,1120596
1437,Zachery Robinson,33,394274
1438,Jennifer Owens,29,981862
1439,Gray Morales,44,1386453
1440,Whoopi Franks,30,1464806
1441,Alexis Collins,74,943534
1442,Samson Mcintyre,82,1493737
1443,Rashad Lara,27,231078
1444,Duncan Baldwin,44,1247627
1445,Donna Gill,56,908728
1446,Curran Meadows,24,720492
1447,Sebastian Schmidt,31,1417152
1448,Emerald Landry,51,772386
1449,Hayes Mcfadden,77,130073
1450,Sarah Sherman,18,256391
1451,Hope Wolfe,61,154037
1452,Herman Middleton,21,586426
1453,Moana Phelps,33,138215
1454,Nehru Bruce,67,1850998
1455,Jordan Mercado,38,194379
1456,Cecilia Underwood,33,376898
1457,Fuller Rhodes,33,1861745
1458,Indira Christian,52,409646
1459,Brynn Goff,49,1519980
1460,Alvin Dotson,51,1190632
1461,Cheyenne Page,42,601359
1462,Zenia Castro,33,542159
1463,Aspen Le,53,1566103
1464,Stewart Wade,73,1227937
1465,Forrest Wong,26,1195869
1466,Unity Cooley,47,532777
1467,Abbot Haley,31,1958133
1468,Ashton Bradford,83,1300432
1469,Brett Hinton,44,586428
1470,Karleigh Bruce,31,1629474
1471,Blossom Mayo,40,814155
1472,Alice Griffin,19,918607
1473,Yolanda Terry,76,598715
1474,Holmes Becker,81,252995
1475,Alden Villarreal,54,159072
1476,Garrison Swanson,61,557366
1477,Giselle Adams,59,419531
1478,Colin Barron,58,1145520
1479,Madison Fuller,83,130806
1480,Daphne Cortez,62,1133985
1481,Bo Copeland,82,492674
1482,Priscilla Shaffer,80,285858
1483,Jarrod Austin,56,573681
1484,Herman Sargent,69,1940381
1485,Timon Valencia,73,147448
1486,Quintessa Bass,68,888494
1487,Ali Marshall,48,1638233
1488,Audrey Wolf,79,1534772
1489,Maryam Hammond,84,865739
1490,Paul Mooney,73,1262563
1491,Herrod Valdez,59,444245
1492,Emily Lynn,46,1025400
1493,Chase Benson,23,1828630
1494,Yuri Sweet,55,200086
1495,Hoyt Frederick,35,685551
1496,Kenyon Sandoval,67,225800
1497,Dane Stokes,29,1857329
1498,Asher Mills,57,1289351
1499,Geraldine Nielsen,28,200819
